id,soundfile
298,298-126791-0010.flac
298,298-126791-0012.flac
298,298-126791-0049.flac
298,298-126791-0037.flac
298,298-126791-0063.flac
2514,2514-149482-0071.flac
2514,2514-149482-0028.flac
2514,2514-149482-0067.flac
2514,2514-149482-0032.flac
2514,2514-149482-0047.flac
1069,1069-133699-0046.flac
1069,1069-133699-0040.flac
1069,1069-133699-0001.flac
1069,1069-133699-0004.flac
1069,1069-133699-0025.flac
5778,5778-12761-0013.flac
5778,5778-12761-0045.flac
5778,5778-12761-0024.flac
5778,5778-12761-0046.flac
5778,5778-12761-0027.flac
1624,1624-142933-0020.flac
1624,1624-142933-0045.flac
1624,1624-142933-0005.flac
1624,1624-142933-0019.flac
1624,1624-142933-0000.flac
8770,8770-295465-0029.flac
8770,8770-295465-0034.flac
8770,8770-295465-0038.flac
8770,8770-295465-0012.flac
8770,8770-295465-0019.flac
3259,3259-158083-0011.flac
3259,3259-158083-0108.flac
3259,3259-158083-0018.flac
3259,3259-158083-0100.flac
3259,3259-158083-0071.flac
1578,1578-140045-0029.flac
1578,1578-140045-0026.flac
1578,1578-140045-0025.flac
1578,1578-140045-0018.flac
1578,1578-140045-0019.flac
1594,1594-135914-0038.flac
1594,1594-135914-0023.flac
1594,1594-135914-0030.flac
1594,1594-135914-0007.flac
1594,1594-135914-0013.flac
3112,3112-9554-0020.flac
3112,3112-9554-0006.flac
3112,3112-9554-0013.flac
3112,3112-9554-0011.flac
3112,3112-9554-0004.flac
7264,7264-92316-0014.flac
7264,7264-92316-0039.flac
7264,7264-92316-0044.flac
7264,7264-92316-0038.flac
7264,7264-92316-0033.flac
6476,6476-96661-0024.flac
6476,6476-96661-0010.flac
6476,6476-96661-0023.flac
6476,6476-96661-0020.flac
6476,6476-96661-0013.flac
6000,6000-55211-0022.flac
6000,6000-55211-0043.flac
6000,6000-55211-0031.flac
6000,6000-55211-0040.flac
6000,6000-55211-0045.flac
1116,1116-132847-0019.flac
1116,1116-132847-0037.flac
1116,1116-132847-0005.flac
1116,1116-132847-0040.flac
1116,1116-132847-0029.flac
1034,1034-121119-0080.flac
1034,1034-121119-0017.flac
1034,1034-121119-0013.flac
1034,1034-121119-0068.flac
1034,1034-121119-0067.flac
1553,1553-140047-0045.flac
1553,1553-140047-0016.flac
1553,1553-140047-0020.flac
1553,1553-140047-0039.flac
1553,1553-140047-0035.flac
250,250-140277-0005.flac
250,250-140277-0011.flac
250,250-140277-0013.flac
250,250-140277-0016.flac
250,250-140277-0000.flac
1081,1081-128618-0009.flac
1081,1081-128618-0003.flac
1081,1081-128618-0000.flac
1081,1081-128618-0002.flac
1081,1081-128618-0007.flac
3235,3235-28433-0033.flac
3235,3235-28433-0048.flac
3235,3235-28433-0016.flac
3235,3235-28433-0017.flac
3235,3235-28433-0011.flac
5652,5652-39938-0047.flac
5652,5652-39938-0058.flac
5652,5652-39938-0007.flac
5652,5652-39938-0016.flac
5652,5652-39938-0045.flac
4788,4788-94904-0019.flac
4788,4788-94904-0014.flac
4788,4788-94904-0029.flac
4788,4788-94904-0003.flac
4788,4788-94904-0028.flac
7312,7312-92432-0018.flac
7312,7312-92432-0014.flac
7312,7312-92432-0016.flac
7312,7312-92432-0004.flac
7312,7312-92432-0005.flac
229,229-130880-0078.flac
229,229-130880-0044.flac
229,229-130880-0040.flac
229,229-130880-0028.flac
229,229-130880-0076.flac
1088,1088-129236-0008.flac
1088,1088-129236-0017.flac
1088,1088-129236-0005.flac
1088,1088-129236-0013.flac
1088,1088-129236-0009.flac
6081,6081-41997-0013.flac
6081,6081-41997-0020.flac
6081,6081-41997-0021.flac
6081,6081-41997-0034.flac
6081,6081-41997-0004.flac
1183,1183-124566-0002.flac
1183,1183-124566-0004.flac
1183,1183-124566-0000.flac
1183,1183-124566-0005.flac
1183,1183-124566-0003.flac
831,831-130746-0005.flac
831,831-130746-0057.flac
831,831-130746-0043.flac
831,831-130746-0012.flac
831,831-130746-0052.flac
118,118-121721-0014.flac
118,118-121721-0020.flac
118,118-121721-0008.flac
118,118-121721-0000.flac
118,118-121721-0009.flac
4014,4014-186183-0031.flac
4014,4014-186183-0024.flac
4014,4014-186183-0020.flac
4014,4014-186183-0003.flac
4014,4014-186183-0027.flac
2436,2436-2477-0023.flac
2436,2436-2477-0028.flac
2436,2436-2477-0009.flac
2436,2436-2477-0004.flac
2436,2436-2477-0030.flac
3699,3699-19401-0025.flac
3699,3699-19401-0005.flac
3699,3699-19401-0001.flac
3699,3699-19401-0004.flac
3699,3699-19401-0009.flac
6415,6415-116629-0013.flac
6415,6415-116629-0031.flac
6415,6415-116629-0034.flac
6415,6415-116629-0036.flac
6415,6415-116629-0007.flac
2384,2384-152900-0080.flac
2384,2384-152900-0013.flac
2384,2384-152900-0018.flac
2384,2384-152900-0038.flac
2384,2384-152900-0032.flac
6563,6563-63821-0004.flac
6563,6563-63821-0037.flac
6563,6563-63821-0022.flac
6563,6563-63821-0015.flac
6563,6563-63821-0040.flac
460,460-172359-0064.flac
460,460-172359-0052.flac
460,460-172359-0060.flac
460,460-172359-0033.flac
460,460-172359-0018.flac
2843,2843-152918-0077.flac
2843,2843-152918-0062.flac
2843,2843-152918-0107.flac
2843,2843-152918-0115.flac
2843,2843-152918-0004.flac
446,446-123501-0025.flac
446,446-123501-0039.flac
446,446-123501-0050.flac
446,446-123501-0028.flac
446,446-123501-0042.flac
8063,8063-274112-0023.flac
8063,8063-274112-0029.flac
8063,8063-274112-0033.flac
8063,8063-274112-0000.flac
8063,8063-274112-0011.flac
2764,2764-36616-0028.flac
2764,2764-36616-0009.flac
2764,2764-36616-0014.flac
2764,2764-36616-0026.flac
2764,2764-36616-0006.flac
4137,4137-11701-0027.flac
4137,4137-11701-0021.flac
4137,4137-11701-0001.flac
4137,4137-11701-0003.flac
4137,4137-11701-0008.flac
909,909-131044-0009.flac
909,909-131044-0030.flac
909,909-131044-0028.flac
909,909-131044-0002.flac
909,909-131044-0006.flac
4214,4214-7146-0016.flac
4214,4214-7146-0076.flac
4214,4214-7146-0065.flac
4214,4214-7146-0028.flac
4214,4214-7146-0068.flac
1963,1963-147036-0031.flac
1963,1963-147036-0017.flac
1963,1963-147036-0026.flac
1963,1963-147036-0019.flac
1963,1963-147036-0033.flac
8051,8051-295385-0006.flac
8051,8051-295385-0022.flac
8051,8051-295385-0017.flac
8051,8051-295385-0008.flac
8051,8051-295385-0010.flac
7067,7067-76048-0050.flac
7067,7067-76048-0011.flac
7067,7067-76048-0009.flac
7067,7067-76048-0023.flac
7067,7067-76048-0052.flac
3807,3807-4955-0023.flac
3807,3807-4955-0022.flac
3807,3807-4955-0038.flac
3807,3807-4955-0025.flac
3807,3807-4955-0039.flac
328,328-129766-0060.flac
328,328-129766-0041.flac
328,328-129766-0045.flac
328,328-129766-0007.flac
328,328-129766-0068.flac
5514,5514-19192-0024.flac
5514,5514-19192-0006.flac
5514,5514-19192-0045.flac
5514,5514-19192-0044.flac
5514,5514-19192-0032.flac
2691,2691-156755-0036.flac
2691,2691-156755-0014.flac
2691,2691-156755-0016.flac
2691,2691-156755-0027.flac
2691,2691-156755-0032.flac
4441,4441-76263-0028.flac
4441,4441-76263-0013.flac
4441,4441-76263-0036.flac
4441,4441-76263-0019.flac
4441,4441-76263-0011.flac
6925,6925-80680-0014.flac
6925,6925-80680-0056.flac
6925,6925-80680-0003.flac
6925,6925-80680-0008.flac
6925,6925-80680-0052.flac
3982,3982-178459-0023.flac
3982,3982-178459-0007.flac
3982,3982-178459-0046.flac
3982,3982-178459-0053.flac
3982,3982-178459-0000.flac
3486,3486-166424-0042.flac
3486,3486-166424-0041.flac
3486,3486-166424-0050.flac
3486,3486-166424-0022.flac
3486,3486-166424-0036.flac
4898,4898-20016-0021.flac
4898,4898-20016-0031.flac
4898,4898-20016-0025.flac
4898,4898-20016-0013.flac
4898,4898-20016-0016.flac
7517,7517-100437-0011.flac
7517,7517-100437-0007.flac
7517,7517-100437-0027.flac
7517,7517-100437-0016.flac
7517,7517-100437-0006.flac
4340,4340-15220-0006.flac
4340,4340-15220-0052.flac
4340,4340-15220-0085.flac
4340,4340-15220-0002.flac
4340,4340-15220-0069.flac
696,696-93314-0045.flac
696,696-93314-0003.flac
696,696-93314-0015.flac
696,696-93314-0048.flac
696,696-93314-0029.flac
5322,5322-7680-0019.flac
5322,5322-7680-0025.flac
5322,5322-7680-0030.flac
5322,5322-7680-0021.flac
5322,5322-7680-0018.flac
1235,1235-135883-0047.flac
1235,1235-135883-0029.flac
1235,1235-135883-0019.flac
1235,1235-135883-0038.flac
1235,1235-135883-0031.flac
5022,5022-29411-0010.flac
5022,5022-29411-0040.flac
5022,5022-29411-0060.flac
5022,5022-29411-0001.flac
5022,5022-29411-0015.flac
2952,2952-410-0060.flac
2952,2952-410-0055.flac
2952,2952-410-0003.flac
2952,2952-410-0001.flac
2952,2952-410-0018.flac
7800,7800-283493-0021.flac
7800,7800-283493-0026.flac
7800,7800-283493-0029.flac
7800,7800-283493-0001.flac
7800,7800-283493-0037.flac
374,374-180299-0023.flac
374,374-180299-0014.flac
374,374-180299-0013.flac
374,374-180299-0009.flac
374,374-180299-0006.flac
5192,5192-19396-0029.flac
5192,5192-19396-0011.flac
5192,5192-19396-0008.flac
5192,5192-19396-0018.flac
5192,5192-19396-0006.flac
4195,4195-186237-0025.flac
4195,4195-186237-0017.flac
4195,4195-186237-0020.flac
4195,4195-186237-0015.flac
4195,4195-186237-0000.flac
1246,1246-124548-0033.flac
1246,1246-124548-0014.flac
1246,1246-124548-0050.flac
1246,1246-124548-0004.flac
1246,1246-124548-0046.flac
3664,3664-178366-0034.flac
3664,3664-178366-0013.flac
3664,3664-178366-0035.flac
3664,3664-178366-0004.flac
3664,3664-178366-0019.flac
4813,4813-248638-0044.flac
4813,4813-248638-0016.flac
4813,4813-248638-0013.flac
4813,4813-248638-0001.flac
4813,4813-248638-0006.flac
481,481-123719-0003.flac
481,481-123719-0020.flac
481,481-123719-0014.flac
481,481-123719-0021.flac
481,481-123719-0023.flac
1743,1743-142913-0009.flac
1743,1743-142913-0028.flac
1743,1743-142913-0018.flac
1743,1743-142913-0003.flac
1743,1743-142913-0021.flac
2518,2518-154825-0020.flac
2518,2518-154825-0039.flac
2518,2518-154825-0014.flac
2518,2518-154825-0017.flac
2518,2518-154825-0053.flac
7635,7635-105409-0002.flac
7635,7635-105409-0017.flac
7635,7635-105409-0055.flac
7635,7635-105409-0026.flac
7635,7635-105409-0006.flac
1334,1334-135589-0038.flac
1334,1334-135589-0057.flac
1334,1334-135589-0002.flac
1334,1334-135589-0015.flac
1334,1334-135589-0073.flac
198,198-126831-0037.flac
198,198-126831-0008.flac
198,198-126831-0036.flac
198,198-126831-0031.flac
198,198-126831-0041.flac
403,403-128339-0041.flac
403,403-128339-0031.flac
403,403-128339-0051.flac
403,403-128339-0020.flac
403,403-128339-0038.flac
911,911-128684-0016.flac
911,911-128684-0047.flac
911,911-128684-0017.flac
911,911-128684-0049.flac
911,911-128684-0014.flac
5393,5393-19218-0039.flac
5393,5393-19218-0024.flac
5393,5393-19218-0010.flac
5393,5393-19218-0034.flac
5393,5393-19218-0047.flac
7511,7511-102419-0031.flac
7511,7511-102419-0038.flac
7511,7511-102419-0050.flac
7511,7511-102419-0005.flac
7511,7511-102419-0035.flac
2092,2092-145706-0055.flac
2092,2092-145706-0041.flac
2092,2092-145706-0035.flac
2092,2092-145706-0079.flac
2092,2092-145706-0034.flac
4297,4297-13006-0041.flac
4297,4297-13006-0031.flac
4297,4297-13006-0028.flac
4297,4297-13006-0016.flac
4297,4297-13006-0018.flac
7078,7078-271888-0045.flac
7078,7078-271888-0069.flac
7078,7078-271888-0016.flac
7078,7078-271888-0000.flac
7078,7078-271888-0038.flac
4267,4267-78186-0014.flac
4267,4267-78186-0003.flac
4267,4267-78186-0030.flac
4267,4267-78186-0018.flac
4267,4267-78186-0016.flac
5390,5390-30096-0009.flac
5390,5390-30096-0027.flac
5390,5390-30096-0010.flac
5390,5390-30096-0001.flac
5390,5390-30096-0023.flac
1098,1098-133695-0089.flac
1098,1098-133695-0070.flac
1098,1098-133695-0037.flac
1098,1098-133695-0009.flac
1098,1098-133695-0068.flac
1502,1502-122615-0031.flac
1502,1502-122615-0011.flac
1502,1502-122615-0016.flac
1502,1502-122615-0035.flac
1502,1502-122615-0015.flac
1363,1363-139304-0021.flac
1363,1363-139304-0034.flac
1363,1363-139304-0030.flac
1363,1363-139304-0032.flac
1363,1363-139304-0014.flac
8014,8014-112602-0019.flac
8014,8014-112602-0022.flac
8014,8014-112602-0029.flac
8014,8014-112602-0003.flac
8014,8014-112602-0000.flac
6848,6848-252322-0010.flac
6848,6848-252322-0009.flac
6848,6848-252322-0004.flac
6848,6848-252322-0030.flac
6848,6848-252322-0005.flac
7780,7780-274562-0030.flac
7780,7780-274562-0060.flac
7780,7780-274562-0021.flac
7780,7780-274562-0102.flac
7780,7780-274562-0026.flac
8580,8580-287364-0010.flac
8580,8580-287364-0028.flac
8580,8580-287364-0038.flac
8580,8580-287364-0005.flac
8580,8580-287364-0041.flac
6454,6454-107462-0016.flac
6454,6454-107462-0011.flac
6454,6454-107462-0002.flac
6454,6454-107462-0017.flac
6454,6454-107462-0006.flac
8098,8098-278278-0023.flac
8098,8098-278278-0025.flac
8098,8098-278278-0040.flac
8098,8098-278278-0022.flac
8098,8098-278278-0038.flac
8468,8468-286673-0009.flac
8468,8468-286673-0014.flac
8468,8468-286673-0000.flac
8468,8468-286673-0003.flac
8468,8468-286673-0020.flac
6880,6880-216547-0000.flac
6880,6880-216547-0104.flac
6880,6880-216547-0042.flac
6880,6880-216547-0041.flac
6880,6880-216547-0067.flac
8312,8312-279790-0039.flac
8312,8312-279790-0019.flac
8312,8312-279790-0051.flac
8312,8312-279790-0025.flac
8312,8312-279790-0047.flac
7148,7148-7763-0027.flac
7148,7148-7763-0004.flac
7148,7148-7763-0012.flac
7148,7148-7763-0002.flac
7148,7148-7763-0029.flac
6147,6147-34607-0013.flac
6147,6147-34607-0005.flac
6147,6147-34607-0022.flac
6147,6147-34607-0018.flac
6147,6147-34607-0019.flac
8797,8797-294123-0004.flac
8797,8797-294123-0024.flac
8797,8797-294123-0074.flac
8797,8797-294123-0091.flac
8797,8797-294123-0095.flac
27,27-124992-0029.flac
27,27-124992-0077.flac
27,27-124992-0034.flac
27,27-124992-0020.flac
27,27-124992-0028.flac
3879,3879-174923-0067.flac
3879,3879-174923-0010.flac
3879,3879-174923-0039.flac
3879,3879-174923-0070.flac
3879,3879-174923-0004.flac
